CREATE database SCOTT;

USE SCOTT;


CREATE TABLE IF NOT EXISTS `BONUS` (
  `ENAME` varchar(10) DEFAULT NULL,
  `JOB` varchar(9) DEFAULT NULL,
  `SAL` double DEFAULT NULL,
  `COMM` double DEFAULT NULL
) ENGINE=InnoDB DEFAULT CHARSET=utf8;


CREATE TABLE IF NOT EXISTS `DEPT` (
  `DEPTNO` int(11) NOT NULL,
  `DNAME` varchar(14) DEFAULT NULL,
  `LOC` varchar(13) DEFAULT NULL,
  PRIMARY KEY (`DEPTNO`)
) ENGINE=InnoDB DEFAULT CHARSET=utf8;



INSERT INTO `DEPT` (`DEPTNO`, `DNAME`, `LOC`) VALUES
(10, 'ACCOUNTING', 'NEW YORK'),
(20, 'RESEARCH', 'DALLAS'),
(30, 'SALES', 'CHICAGO'),
(40, 'OPERATIONS', 'BOSTON');


CREATE TABLE IF NOT EXISTS `EMP` (
  `EMPNO` int(11) NOT NULL,
  `ENAME` varchar(10) DEFAULT NULL,
  `JOB` varchar(9) DEFAULT NULL,
  `MGR` int(11) DEFAULT NULL,
  `HIREDATE` datetime DEFAULT NULL,
  `SAL` double DEFAULT NULL,
  `COMM` double DEFAULT NULL,
  `DEPTNO` int(11) DEFAULT NULL,
  PRIMARY KEY (`EMPNO`),
  KEY `PK_EMP` (`DEPTNO`)
) ENGINE=InnoDB DEFAULT CHARSET=utf8;


INSERT INTO `EMP` (`EMPNO`, `ENAME`, `JOB`, `MGR`, `HIREDATE`, `SAL`, `COMM`, `DEPTNO`) VALUES
(7369, 'SMITH', 'CLERK', 7902, '1980-12-17 00:00:00', 800, NULL, 20),
(7499, 'ALLEN', 'SALESMAN', 7698, '1981-02-20 00:00:00', 1600, 300, 30),
(7521, 'WARD', 'SALESMAN', 7698, '1981-02-22 00:00:00', 1250, 500, 30),
(7566, 'JONES', 'MANAGER', 7839, '1981-04-02 00:00:00', 2975, NULL, 20),
(7654, 'MARTIN', 'SALESMAN', 7698, '1981-09-28 00:00:00', 1250, 1400, 30),
(7698, 'BLAKE', 'MANAGER', 7839, '1981-05-01 00:00:00', 2850, NULL, 30),
(7782, 'CLARK', 'MANAGER', 7839, '1981-06-09 00:00:00', 2450, NULL, 10),
(7788, 'SCOTT', 'ANALYST', 7566, '1987-04-19 00:00:00', 3000, NULL, 20),
(7839, 'KING', 'PRESIDENT', NULL, '1981-11-17 00:00:00', 5000, NULL, 10),
(7844, 'TURNER', 'SALESMAN', 7698, '1981-09-08 00:00:00', 1500, 0, 30),
(7876, 'ADAMS', 'CLERK', 7788, '1987-05-23 00:00:00', 1100, NULL, 20),
(7900, 'JAMES', 'CLERK', 7698, '1981-12-03 00:00:00', 950, NULL, 30),
(7902, 'FORD', 'ANALYST', 7566, '1981-12-03 00:00:00', 3000, NULL, 20),
(7934, 'MILLER', 'CLERK', 7782, '1982-01-23 00:00:00', 1300, NULL, 10);

CREATE TABLE IF NOT EXISTS `SALGRADE` (
  `GRADE` double DEFAULT NULL,
  `LOSAL` double DEFAULT NULL,
  `HISAL` double DEFAULT NULL
) ENGINE=InnoDB DEFAULT CHARSET=utf8;


INSERT INTO `SALGRADE` (`GRADE`, `LOSAL`, `HISAL`) VALUES
(1, 700, 1200),
(2, 1201, 1400),
(3, 1401, 2000),
(4, 2001, 3000),
(5, 3001, 9999);


ALTER TABLE `EMP`
  ADD CONSTRAINT `PK_EMP` FOREIGN KEY (`DEPTNO`) REFERENCES `DEPT` (`DEPTNO`) ON DELETE SET NULL ON UPDATE CASCADE;

select * from dept a, emp b where a.deptno = b.deptno;
select a.deptno, a.dname, b.ename from dept a, emp b 
where a.loc = 'NEW YORK' and b.deptno = a.deptno
order by 1; -- where 안에 join 하는 조건을 넣어주시오 / select에도 table 지정해 줘야 한다.alter

select a.empno, a.ename, a.deptno, b.deptno as deptno_d, b.dname
from emp a, dept b
where a.sal < 1500
and b.deptno = a.deptno
and b.deptno >= 20
order by 3,1,4;

select a.empno, a.ename, a.deptno, b.deptno as deptno_d, b.dname
from emp a, dept b
where a.sal < 1500
and b.deptno <= a.deptno -- 작거나 같은 친구를 포함
and b.deptno >= 10
order by 3,1,4;

select a.grade, a.losal, a.hisal 
from salgrade a
order by 1;

select a.empno, a.ename, a.sal, b.losal, b.hisal, b.grade
from emp a, salgrade b 
where a.sal < 1500
and a.sal between b.losal and b.hisal -- 두 조건 사이의 값으로 조인이 가능
order by 1;